document_type,title_or_name,source_file,line_count,phase_references,route_reference_count,code_path_references,missing_code_path_reference_count,notes
root_or_other,Airline Intelligence Model,AIRLINE_INTELLIGENCE_MODEL.md,355,,0,,0,Only existing repository paths are listed; prose compounds and wildcard examples are excluded from missing-path claims.
root_or_other,Build Phases,BUILD_PHASES.md,2528,PHASE_8_STABILIZATION_AUDIT;phase_50_0_airline_operational_intelligence_engine_architecture_foundation;phase_56_3_journey_comparison_client_presentation_foundation;phase_56_4_offer_delivery_client_interaction_foundation;phase_56_5_1_regression_integrity_foundation;phase_56_5_2_legacy_regression_suite_migration;phase_56_5_3_github_actions_continuous_integration_foundation;phase_56_5_4_authentication_security_http_hardening_foundation;phase_56_5_5_mongodb_security_backup_disaster_recovery_foundation;phase_56_5_6_persistence_scalability_tenant_query_hardening_foundation;phase_56_5_7_observability_diagnostics_performance_telemetry_foundation;phase_56_5_8_final_stabilization_pilot_release_gate;phase_57_0_pilot_operations_release_readiness;phase_57_1_production_evidence_pilot_sign_off_completion,229,backend/build_phase.py;backend/scripts/bootstrap_reference_data.py;docs/architecture/agency-feature-flag-audit-foundation.md;docs/architecture/agency-feature-flag-bundle-foundation.md;docs/architecture/agency-feature-flags-foundation.md;docs/architecture/airline-intelligence-agency-consumption-bridge.md;docs/architecture/airline-intelligence-data-pack-foundation.md;docs/architecture/airline-intelligence-data-pack-review-foundation.md;docs/architecture/airline-intelligence-knowledge-versioning-foundation.md;docs/architecture/airline-knowledge-acquisition-workspace-foundation.md;docs/architecture/airline-knowledge-normalisation-foundation.md;docs/architecture/airline-operational-capability-matrix-foundation.md;docs/architecture/airline-operational-knowledge-governance-foundation.md;docs/architecture/airline-recommendation-engine-foundation.md;docs/architecture/authentication-security-http-hardening-foundation.md;docs/architecture/booking-workspace-foundation.md;docs/architecture/capability-catalog-foundation.md;docs/architecture/document-workspace-foundation.md;docs/architecture/emd-workspace-foundation.md;docs/architecture/feature-bundle-assignment-foundation.md;docs/architecture/feature-bundle-dependency-foundation.md;docs/architecture/feature-bundle-rollout-approval-foundation.md;docs/architecture/feature-bundle-rollout-change-request-foundation.md;docs/architecture/feature-bundle-rollout-decision-register-foundation.md;docs/architecture/feature-bundle-rollout-issue-log-foundation.md;docs/architecture/feature-bundle-rollout-plan-foundation.md;docs/architecture/feature-bundle-rollout-readiness-foundation.md;docs/architecture/feature-bundle-rollout-risk-register-foundation.md;docs/architecture/feature-bundle-rollout-rollback-plan-foundation.md;docs/architecture/feature-bundle-rollout-schedule-foundation.md;docs/architecture/feature-bundle-rollout-summary-pack-foundation.md;docs/architecture/feature-bundle-rollout-timeline-foundation.md;docs/architecture/final-stabilization-pilot-release-gate.md;docs/architecture/flight-workspace-foundation.md;docs/architecture/foundations/;docs/architecture/github-actions-continuous-integration-foundation.md;docs/architecture/intelligent-offer-builder-integration-foundation.md;docs/architecture/legacy-regression-suite-migration.md;docs/architecture/mongodb-security-backup-disaster-recovery-foundation.md;docs/architecture/observability-diagnostics-performance-telemetry-foundation.md;docs/architecture/offer-decision-export-audit-review-foundation.md;docs/architecture/offer-decision-export-compliance-foundation.md;docs/architecture/offer-decision-export-governance-foundation.md;docs/architecture/offer-delivery-client-interaction-foundation.md;docs/architecture/offer-workspace-foundation.md;docs/architecture/operational-constraint-engine-foundation.md;docs/architecture/operational-knowledge-evaluation-engine-foundation.md;docs/architecture/operational-timeline-workspace-foundation.md;docs/architecture/operational-travel-workspace-foundation.md;docs/architecture/passenger-service-feasibility-engine-foundation.md;docs/architecture/passenger-service-workflow-engine-foundation.md;docs/architecture/passenger-workspace-foundation.md;docs/architecture/persistence-scalability-tenant-query-hardening-foundation.md;docs/architecture/phase-marker-regression-integrity-foundation.md;docs/architecture/pilot-operations-release-readiness.md;docs/architecture/platform-agency-ux-consolidation.md;docs/architecture/product-surface-workspace-governance.md;docs/architecture/production-evidence-pilot-sign-off-completion.md;docs/architecture/rollout-dashboard-foundation.md;docs/architecture/saas-subscription-entitlement-foundation.md;docs/architecture/ssr-osi-operational-workspace-foundation.md;docs/architecture/subscription-entitlement-ui-guardrails.md;docs/architecture/ticket-workspace-foundation.md;docs/architecture/travel-request-workspace-foundation.md;docs/architecture/trip-workspace-foundation.md,0,Only existing repository paths are listed; prose compounds and wildcard examples are excluded from missing-path claims.
root_or_other,Canonical Data Model,CANONICAL_DATA_MODEL.md,489,,0,,0,Only existing repository paths are listed; prose compounds and wildcard examples are excluded from missing-path claims.
root_or_other,Hostinger VPS Deployment,DEPLOYMENT_HOSTINGER_VPS.md,366,,3,deploy/hostinger/FIRST_DEPLOYMENT_CHECKLIST.md;deploy/hostinger/OPERATIONS_RUNBOOK.md;deploy/hostinger/POST_DEPLOYMENT_SECURITY_CHECKLIST.md;deploy/hostinger/REAL_DEPLOYMENT_NOTES.md;deploy/hostinger/TROUBLESHOOTING.md;deploy/hostinger/nginx/aeroassist.conf.example;deploy/hostinger/scripts/backup_all.sh;deploy/hostinger/scripts/backup_exports.sh;deploy/hostinger/scripts/backup_mongo.sh;deploy/hostinger/scripts/deploy.sh;deploy/hostinger/scripts/healthcheck.sh;deploy/hostinger/scripts/logs.sh;deploy/hostinger/scripts/preflight.sh;deploy/hostinger/scripts/prune_backups.sh;deploy/hostinger/scripts/restart.sh;deploy/hostinger/scripts/restore_mongo.md;deploy/hostinger/scripts/smoke_production.sh;deploy/hostinger/scripts/status.sh;deploy/hostinger/scripts/status_full.sh;deploy/hostinger/scripts/verify_backups.sh;deploy/hostinger/systemd/aeroassist-backup-verify.service;deploy/hostinger/systemd/aeroassist-backup-verify.timer;deploy/hostinger/systemd/aeroassist-backup.service;deploy/hostinger/systemd/aeroassist-backup.timer,0,Only existing repository paths are listed; prose compounds and wildcard examples are excluded from missing-path claims.
root_or_other,Navigation Model,NAVIGATION_MODEL.md,87,,0,,0,Only existing repository paths are listed; prose compounds and wildcard examples are excluded from missing-path claims.
root_or_other,Open Questions,OPEN_QUESTIONS.md,69,,0,,0,Only existing repository paths are listed; prose compounds and wildcard examples are excluded from missing-path claims.
root_or_other,Permissions And Tenancy,PERMISSIONS_AND_TENANCY.md,243,,0,,0,Only existing repository paths are listed; prose compounds and wildcard examples are excluded from missing-path claims.
root_or_other,Phase 10 Production Authentication And Invitation Flow,PHASE_10_AUTH_INVITATIONS_IMPLEMENTATION.md,75,,8,,0,Only existing repository paths are listed; prose compounds and wildcard examples are excluded from missing-path claims.
root_or_other,Phase 11 Controlled Client Portal Actions,PHASE_11_PORTAL_ACTIONS_IMPLEMENTATION.md,61,,11,,0,Only existing repository paths are listed; prose compounds and wildcard examples are excluded from missing-path claims.
root_or_other,Phase 12 Refund and Exchange Tracking,PHASE_12_REFUND_EXCHANGE_IMPLEMENTATION.md,119,,18,backend/models.py;backend/routers/refunds_exchanges.py;backend/server.py;backend/services/seed_service.py;frontend/src/App.jsx;frontend/src/components/RefundExchangeStatusBadge.jsx;frontend/src/layouts/AgencyLayout.jsx;frontend/src/layouts/ClientPortalLayout.jsx;frontend/src/pages/agency/RefundExchangeCaseCreatePage.jsx;frontend/src/pages/agency/RefundExchangeCaseDetailPage.jsx;frontend/src/pages/agency/RefundExchangeCasesPage.jsx;frontend/src/pages/portal/PortalRefundExchangeCaseDetailPage.jsx;frontend/src/pages/portal/PortalRefundExchangeCasesPage.jsx,0,Only existing repository paths are listed; prose compounds and wildcard examples are excluded from missing-path claims.
root_or_other,Phase 12 Stabilization Audit,PHASE_12_STABILIZATION_AUDIT.md,93,PHASE_10_AUTH_INVITATIONS_IMPLEMENTATION;PHASE_11_PORTAL_ACTIONS_IMPLEMENTATION;PHASE_12_REFUND_EXCHANGE_IMPLEMENTATION;PHASE_5_BOOKING_FINANCE_IMPLEMENTATION;PHASE_8_CLIENT_PORTAL_VISIBILITY_IMPLEMENTATION;PHASE_9_PERSISTENCE_TENANT_HARDENING,0,backend/database.py;backend/models.py;backend/routers/;backend/routers/bookings.py;backend/routers/finance.py;backend/routers/portal.py;backend/routers/refunds_exchanges.py;backend/scripts/;backend/scripts/check_portal_isolation.py;backend/scripts/smoke_backend.py;backend/server.py;backend/services/;backend/services/seed_service.py;frontend/src/App.jsx;frontend/src/components/RefundExchangeStatusBadge.jsx;frontend/src/layouts/AgencyLayout.jsx;frontend/src/layouts/ClientPortalLayout.jsx;frontend/src/pages/agency/RefundExchangeCaseCreatePage.jsx;frontend/src/pages/agency/RefundExchangeCaseDetailPage.jsx;frontend/src/pages/agency/RefundExchangeCasesPage.jsx;frontend/src/pages/portal/PortalRefundExchangeCaseDetailPage.jsx;frontend/src/pages/portal/PortalRefundExchangeCasesPage.jsx,0,Only existing repository paths are listed; prose compounds and wildcard examples are excluded from missing-path claims.
root_or_other,Phase 13 PDF Export And Email Delivery Foundation,PHASE_13_PDF_EMAIL_DELIVERY_IMPLEMENTATION.md,125,,11,frontend/src/lib/api.js;frontend/src/pages/agency/DocumentDetailPage.jsx;frontend/src/pages/portal/PortalDocumentDetailPage.jsx,0,Only existing repository paths are listed; prose compounds and wildcard examples are excluded from missing-path claims.
root_or_other,Phase 13 Stabilization Audit,PHASE_13_STABILIZATION_AUDIT.md,100,PHASE_10_AUTH_INVITATIONS_IMPLEMENTATION;PHASE_11_PORTAL_ACTIONS_IMPLEMENTATION;PHASE_12_STABILIZATION_AUDIT;PHASE_13_PDF_EMAIL_DELIVERY_IMPLEMENTATION;PHASE_7_DOCUMENTS_IMPLEMENTATION;PHASE_8_CLIENT_PORTAL_VISIBILITY_IMPLEMENTATION,2,backend/database.py;backend/models.py;backend/routers/;backend/routers/documents.py;backend/scripts/;backend/scripts/check_portal_isolation.py;backend/scripts/smoke_backend.py;backend/server.py;backend/services/;backend/services/document_rendering_service.py;backend/services/seed_service.py;frontend/src/lib/api.js;frontend/src/pages/agency/DocumentDetailPage.jsx;frontend/src/pages/portal/PortalDocumentDetailPage.jsx,0,Only existing repository paths are listed; prose compounds and wildcard examples are excluded from missing-path claims.
root_or_other,Phase 14 Document Delivery Hardening,PHASE_14_DOCUMENT_DELIVERY_HARDENING.md,144,,3,backend/database.py;backend/models.py;backend/routers/documents.py;backend/services/file_storage_service.py;backend/services/seed_service.py;frontend/src/pages/agency/DocumentDetailPage.jsx;frontend/src/pages/portal/PortalDocumentDetailPage.jsx,0,Only existing repository paths are listed; prose compounds and wildcard examples are excluded from missing-path claims.
root_or_other,Phase 14 Stabilization Audit,PHASE_14_STABILIZATION_AUDIT.md,97,PHASE_13_PDF_EMAIL_DELIVERY_IMPLEMENTATION;PHASE_13_STABILIZATION_AUDIT;PHASE_14_DOCUMENT_DELIVERY_HARDENING,0,backend/database.py;backend/models.py;backend/routers/;backend/routers/documents.py;backend/scripts/;backend/scripts/check_portal_isolation.py;backend/scripts/smoke_backend.py;backend/server.py;backend/services/;backend/services/file_storage_service.py;backend/services/seed_service.py;frontend/src/lib/api.js;frontend/src/pages/agency/DocumentDetailPage.jsx;frontend/src/pages/portal/PortalDocumentDetailPage.jsx,0,Only existing repository paths are listed; prose compounds and wildcard examples are excluded from missing-path claims.
root_or_other,Phase 15 Production PDF Rendering And Delivery Infrastructure,PHASE_15_PRODUCTION_PDF_DELIVERY_INFRASTRUCTURE.md,169,,2,backend/requirements.txt;backend/services/pdf_rendering_service.py,0,Only existing repository paths are listed; prose compounds and wildcard examples are excluded from missing-path claims.
root_or_other,Phase 15 Stabilization Audit,PHASE_15_STABILIZATION_AUDIT.md,103,PHASE_13_PDF_EMAIL_DELIVERY_IMPLEMENTATION;PHASE_13_STABILIZATION_AUDIT;PHASE_14_DOCUMENT_DELIVERY_HARDENING;PHASE_14_STABILIZATION_AUDIT;PHASE_15_PRODUCTION_PDF_DELIVERY_INFRASTRUCTURE,1,backend/database.py;backend/models.py;backend/requirements.txt;backend/routers/;backend/routers/documents.py;backend/scripts/;backend/scripts/check_portal_isolation.py;backend/scripts/smoke_backend.py;backend/server.py;backend/services/;backend/services/file_storage_service.py;backend/services/pdf_rendering_service.py;backend/services/seed_service.py;frontend/src/lib/api.js;frontend/src/pages/agency/DocumentDetailPage.jsx;frontend/src/pages/portal/PortalDocumentDetailPage.jsx,0,Only existing repository paths are listed; prose compounds and wildcard examples are excluded from missing-path claims.
root_or_other,Phase 16 Production Delivery Operations And Secret Resolution,PHASE_16_PRODUCTION_DELIVERY_OPERATIONS.md,149,,1,backend/scripts/check_production_readiness.py,0,Only existing repository paths are listed; prose compounds and wildcard examples are excluded from missing-path claims.
root_or_other,Phase 17 Production Configuration Hardening,PHASE_17_PRODUCTION_CONFIGURATION_HARDENING.md,141,,4,backend/config.py;backend/scripts/check_production_readiness.py;frontend/src/lib/api.js,0,Only existing repository paths are listed; prose compounds and wildcard examples are excluded from missing-path claims.
root_or_other,Phase 18 Docker And Hostinger VPS Packaging,PHASE_18_DOCKER_HOSTINGER_PACKAGING.md,100,,2,backend/.dockerignore;backend/Dockerfile;frontend/.dockerignore;frontend/Dockerfile;frontend/nginx.conf,0,Only existing repository paths are listed; prose compounds and wildcard examples are excluded from missing-path claims.
root_or_other,"Phase 19 VPS Reverse Proxy, TLS, Backup, And Operations Runbook",PHASE_19_VPS_OPERATIONS_RUNBOOK.md,104,,3,deploy/hostinger/OPERATIONS_RUNBOOK.md;deploy/hostinger/nginx/aeroassist.conf.example;deploy/hostinger/scripts/backup_exports.sh;deploy/hostinger/scripts/backup_mongo.sh;deploy/hostinger/scripts/deploy.sh;deploy/hostinger/scripts/logs.sh;deploy/hostinger/scripts/restart.sh;deploy/hostinger/scripts/restore_mongo.md;deploy/hostinger/scripts/smoke_production.sh;deploy/hostinger/scripts/status.sh,0,Only existing repository paths are listed; prose compounds and wildcard examples are excluded from missing-path claims.
root_or_other,Phase 1 Implementation,PHASE_1_IMPLEMENTATION.md,77,,14,,0,Only existing repository paths are listed; prose compounds and wildcard examples are excluded from missing-path claims.
root_or_other,Phase 20 Hostinger VPS First Deployment Preparation,PHASE_20_FIRST_DEPLOYMENT_PREPARATION.md,91,,0,deploy/hostinger/FIRST_DEPLOYMENT_CHECKLIST.md;deploy/hostinger/POST_DEPLOYMENT_SECURITY_CHECKLIST.md;deploy/hostinger/TROUBLESHOOTING.md;deploy/hostinger/scripts/preflight.sh,0,Only existing repository paths are listed; prose compounds and wildcard examples are excluded from missing-path claims.
root_or_other,Phase 21 Production Bootstrap And Go-Live Hardening,PHASE_21_PRODUCTION_BOOTSTRAP_GO_LIVE_HARDENING.md,94,,0,backend/scripts/create_first_platform_owner.py;deploy/hostinger/OPERATIONS_RUNBOOK.md;deploy/hostinger/REAL_DEPLOYMENT_NOTES.md,0,Only existing repository paths are listed; prose compounds and wildcard examples are excluded from missing-path claims.
root_or_other,Phase 22 Production Onboarding And Agency Setup,PHASE_22_PRODUCTION_ONBOARDING_AGENCY_SETUP.md,63,,7,,0,Only existing repository paths are listed; prose compounds and wildcard examples are excluded from missing-path claims.
root_or_other,Phase 23 Backup Automation And Lightweight Monitoring Readiness,PHASE_23_BACKUP_AUTOMATION_MONITORING_READINESS.md,128,phase_23_backup_automation_monitoring_readiness,2,deploy/hostinger/scripts;deploy/hostinger/scripts/backup_all.sh;deploy/hostinger/scripts/healthcheck.sh;deploy/hostinger/scripts/prune_backups.sh;deploy/hostinger/scripts/status_full.sh;deploy/hostinger/scripts/verify_backups.sh;deploy/hostinger/systemd;deploy/hostinger/systemd/aeroassist-backup-verify.service;deploy/hostinger/systemd/aeroassist-backup-verify.timer;deploy/hostinger/systemd/aeroassist-backup.service;deploy/hostinger/systemd/aeroassist-backup.timer,0,Only existing repository paths are listed; prose compounds and wildcard examples are excluded from missing-path claims.
root_or_other,Phase 24 Staff Invitation Acceptance And Team Access Hardening,PHASE_24_STAFF_INVITATION_ACCEPTANCE.md,117,phase_24_staff_invitation_acceptance_team_access_hardening,2,,0,Only existing repository paths are listed; prose compounds and wildcard examples are excluded from missing-path claims.
root_or_other,Phase 25 Document Storage Lifecycle And Delivery Provider Readiness,PHASE_25_DOCUMENT_STORAGE_LIFECYCLE_DELIVERY_PROVIDER_READINESS.md,114,phase_25_document_storage_lifecycle_delivery_provider_readiness,8,backend/services/delivery_provider_service.py;backend/services/document_storage_lifecycle_service.py;deploy/hostinger/scripts/check_storage.sh,0,Only existing repository paths are listed; prose compounds and wildcard examples are excluded from missing-path claims.
root_or_other,Phase 26 — Request Intake Operational Request Stabilization,PHASE_26_REQUEST_INTAKE_OPERATIONAL_REQUEST_STABILIZATION.md,79,,8,backend/scripts/smoke_request_intake_conversion.py,0,Only existing repository paths are listed; prose compounds and wildcard examples are excluded from missing-path claims.
root_or_other,Phase 27.1 — Mobility Assistance Logic And Builder UX Correction,PHASE_27_1_MOBILITY_ASSISTANCE_LOGIC_FIX.md,48,PHASE_27_2_ASSISTANCE_ASSESSMENT_SSR_RECOMMENDATION,0,,0,Only existing repository paths are listed; prose compounds and wildcard examples are excluded from missing-path claims.
root_or_other,Phase 27.2 — Assistance Assessment Driven SSR Recommendation,PHASE_27_2_ASSISTANCE_ASSESSMENT_SSR_RECOMMENDATION.md,65,,0,,0,Only existing repository paths are listed; prose compounds and wildcard examples are excluded from missing-path claims.
root_or_other,Phase 27 — Operational Request Builder V1,PHASE_27_OPERATIONAL_REQUEST_BUILDER_V1.md,72,,2,backend/scripts/smoke_operational_request_builder.py,0,Only existing repository paths are listed; prose compounds and wildcard examples are excluded from missing-path claims.
root_or_other,"Phase 28.1 — AgencyOS App Shell, Sidebar Navigation, and Visual Polish Stabilization",PHASE_28_1_APP_SHELL_SIDEBAR_VISUAL_POLISH.md,57,,0,backend/routers/platform.py;backend/scripts/smoke_agency_branding_settings.py;backend/scripts/smoke_operational_request_builder.py;backend/scripts/smoke_request_intake_conversion.py;backend/server.py,0,Only existing repository paths are listed; prose compounds and wildcard examples are excluded from missing-path claims.
root_or_other,"Phase 28 — Agency Branding, Theme, and UI Personalization Settings",PHASE_28_AGENCY_BRANDING_THEME_PERSONALIZATION.md,54,phase_28_agency_branding_theme_personalization,6,backend/database.py;backend/models.py;backend/routers/agencies.py;backend/routers/platform.py;backend/scripts/smoke_agency_branding_settings.py;backend/server.py,0,Only existing repository paths are listed; prose compounds and wildcard examples are excluded from missing-path claims.
root_or_other,Phase 29 — Agency Website Builder / CMS Foundation,PHASE_29_AGENCY_WEBSITE_BUILDER_CMS_FOUNDATION.md,53,,8,backend/database.py;backend/models.py;backend/routers/platform.py;backend/routers/websites.py;backend/scripts/smoke_agency_website_builder.py;backend/server.py,0,Only existing repository paths are listed; prose compounds and wildcard examples are excluded from missing-path claims.
root_or_other,Phase 2 CRM Implementation,PHASE_2_CRM_IMPLEMENTATION.md,90,,18,,0,Only existing repository paths are listed; prose compounds and wildcard examples are excluded from missing-path claims.
root_or_other,"Phase 30.1 — Branding, Logo Asset Management, and Agency Settings Stabilization",PHASE_30_1_BRANDING_LOGO_ASSET_SETTINGS_STABILIZATION.md,52,,4,,0,Only existing repository paths are listed; prose compounds and wildcard examples are excluded from missing-path claims.
root_or_other,"Phase 30 — Public Website Publishing, Intake Forms, and CMS Content Blocks",PHASE_30_PUBLIC_WEBSITE_PUBLISHING_INTAKE_FORMS_CMS_BLOCKS.md,74,,9,backend/models.py;backend/routers/platform.py;backend/routers/websites.py;backend/scripts/smoke_agency_website_builder.py;backend/server.py;backend/services/request_intake_conversion_service.py,0,Only existing repository paths are listed; prose compounds and wildcard examples are excluded from missing-path claims.
root_or_other,"Phase 31 — CMS Media Library, Website Image Assets, and Public Website Visual Polish",PHASE_31_CMS_MEDIA_LIBRARY_PUBLIC_WEBSITE_VISUAL_POLISH.md,36,,1,,0,Only existing repository paths are listed; prose compounds and wildcard examples are excluded from missing-path claims.
blueprint,"Phase 32 — Blueprint Alignment, Canonical Operations Model, and Gap Map",PHASE_32_BLUEPRINT_ALIGNMENT_CANONICAL_OPERATIONS_MODEL.md,40,,0,docs/architecture/agencyos-blueprint-alignment-gap-map.md;docs/architecture/canonical-operations-model.md;docs/architecture/current-model-inventory.md,0,Only existing repository paths are listed; prose compounds and wildcard examples are excluded from missing-path claims.
root_or_other,"Phase 33.1 — Global Reference Data Governance, Bulk Import, and Agency Suggestion Queue",PHASE_33_1_GLOBAL_REFERENCE_GOVERNANCE_SUGGESTIONS.md,53,,3,backend/scripts/import_reference_data_csv.py;backend/scripts/smoke_reference_data_governance.py,0,Only existing repository paths are listed; prose compounds and wildcard examples are excluded from missing-path claims.
root_or_other,Phase 33 — Reference Data Core and Service Catalogue,PHASE_33_REFERENCE_DATA_CORE_SERVICE_CATALOGUE.md,29,,2,backend/scripts/bootstrap_reference_data.py;backend/scripts/smoke_reference_data_core.py,0,Only existing repository paths are listed; prose compounds and wildcard examples are excluded from missing-path claims.
root_or_other,Phase 34.1 — Global Field Library and Agency Form Profiles,PHASE_34_1_GLOBAL_FIELD_LIBRARY_AGENCY_FORM_PROFILES.md,41,,0,backend/scripts/smoke_form_profiles_field_library.py;backend/services/form_profile_service.py,0,Only existing repository paths are listed; prose compounds and wildcard examples are excluded from missing-path claims.
root_or_other,Phase 34.2 — Platform Reference Data Console and Enriched Countries,PHASE_34_2_PLATFORM_REFERENCE_DATA_CONSOLE_ENRICHED_COUNTRIES.md,61,,5,backend/scripts/smoke_platform_reference_console.py,0,Only existing repository paths are listed; prose compounds and wildcard examples are excluded from missing-path claims.
root_or_other,Phase 34.3 — Reference Data Enrichment Import Packs,PHASE_34_3_REFERENCE_DATA_ENRICHMENT_IMPORT_PACKS.md,66,,4,,0,Only existing repository paths are listed; prose compounds and wildcard examples are excluded from missing-path claims.
root_or_other,"Phase 34 — Segment-Scoped Request Services, Pets, and Special Items",PHASE_34_SEGMENT_SCOPED_REQUEST_SERVICES_PETS_ITEMS.md,42,,0,,0,Only existing repository paths are listed; prose compounds and wildcard examples are excluded from missing-path claims.
root_or_other,Phase 35: Trip Dossier Foundation,PHASE_35_TRIP_DOSSIER_FOUNDATION.md,88,,12,backend/scripts/smoke_trip_dossier_foundation.py;backend/services/trip_dossier_service.py,0,Only existing repository paths are listed; prose compounds and wildcard examples are excluded from missing-path claims.
root_or_other,Phase 3 Requests Implementation,PHASE_3_REQUESTS_IMPLEMENTATION.md,89,,14,,0,Only existing repository paths are listed; prose compounds and wildcard examples are excluded from missing-path claims.
root_or_other,Phase 4 Offers Implementation,PHASE_4_OFFERS_IMPLEMENTATION.md,91,,9,,0,Only existing repository paths are listed; prose compounds and wildcard examples are excluded from missing-path claims.
root_or_other,Phase 5 Booking and Finance Tracking Implementation,PHASE_5_BOOKING_FINANCE_IMPLEMENTATION.md,100,,20,,0,Only existing repository paths are listed; prose compounds and wildcard examples are excluded from missing-path claims.
root_or_other,Phase 6 Airline Intelligence Implementation,PHASE_6_AIRLINE_INTELLIGENCE_IMPLEMENTATION.md,121,,24,,0,Only existing repository paths are listed; prose compounds and wildcard examples are excluded from missing-path claims.
root_or_other,Phase 7 Branded Document Output Implementation,PHASE_7_DOCUMENTS_IMPLEMENTATION.md,109,,15,backend/services/document_rendering_service.py,0,Only existing repository paths are listed; prose compounds and wildcard examples are excluded from missing-path claims.
root_or_other,Phase 8 Client Portal Visibility Implementation,PHASE_8_CLIENT_PORTAL_VISIBILITY_IMPLEMENTATION.md,109,,31,backend/routers/;backend/services/,0,Only existing repository paths are listed; prose compounds and wildcard examples are excluded from missing-path claims.
root_or_other,Phase 8 Stabilization Audit,PHASE_8_STABILIZATION_AUDIT.md,114,PHASE_1_IMPLEMENTATION;PHASE_2_CRM_IMPLEMENTATION;PHASE_3_REQUESTS_IMPLEMENTATION;PHASE_4_OFFERS_IMPLEMENTATION;PHASE_5_BOOKING_FINANCE_IMPLEMENTATION;PHASE_6_AIRLINE_INTELLIGENCE_IMPLEMENTATION;PHASE_7_DOCUMENTS_IMPLEMENTATION;PHASE_8_CLIENT_PORTAL_VISIBILITY_IMPLEMENTATION,3,backend/routers/;backend/server.py;backend/services/;frontend/src/;frontend/src/App.jsx;frontend/src/layouts/PlatformLayout.jsx,0,Only existing repository paths are listed; prose compounds and wildcard examples are excluded from missing-path claims.
root_or_other,Phase 9 Production Persistence And Tenant Hardening,PHASE_9_PERSISTENCE_TENANT_HARDENING.md,134,PHASE_1_IMPLEMENTATION;PHASE_2_CRM_IMPLEMENTATION;PHASE_3_REQUESTS_IMPLEMENTATION;PHASE_4_OFFERS_IMPLEMENTATION;PHASE_5_BOOKING_FINANCE_IMPLEMENTATION;PHASE_6_AIRLINE_INTELLIGENCE_IMPLEMENTATION;PHASE_7_DOCUMENTS_IMPLEMENTATION;PHASE_8_CLIENT_PORTAL_VISIBILITY_IMPLEMENTATION;PHASE_8_STABILIZATION_AUDIT,0,backend/database.py;backend/routers/;backend/scripts/;backend/scripts/check_portal_isolation.py;backend/scripts/smoke_backend.py;backend/services/;backend/services/tenant_service.py,0,Only existing repository paths are listed; prose compounds and wildcard examples are excluded from missing-path claims.
root_or_other,AeroAssist AgencyOS Product Specification,PRODUCT_SPEC.md,155,,0,,0,Only existing repository paths are listed; prose compounds and wildcard examples are excluded from missing-path claims.
root_or_other,AeroAssist AgencyOS,README.md,1863,PHASE_20_FIRST_DEPLOYMENT_PREPARATION;PHASE_22_PRODUCTION_ONBOARDING_AGENCY_SETUP;PHASE_23_BACKUP_AUTOMATION_MONITORING_READINESS;PHASE_25_DOCUMENT_STORAGE_LIFECYCLE_DELIVERY_PROVIDER_READINESS;PHASE_26_REQUEST_INTAKE_OPERATIONAL_REQUEST_STABILIZATION;PHASE_27_1_MOBILITY_ASSISTANCE_LOGIC_FIX;PHASE_27_2_ASSISTANCE_ASSESSMENT_SSR_RECOMMENDATION;PHASE_27_OPERATIONAL_REQUEST_BUILDER_V1;PHASE_28_1_APP_SHELL_SIDEBAR_VISUAL_POLISH;PHASE_28_AGENCY_BRANDING_THEME_PERSONALIZATION;PHASE_29_AGENCY_WEBSITE_BUILDER_CMS_FOUNDATION;PHASE_30_1_BRANDING_LOGO_ASSET_SETTINGS_STABILIZATION;PHASE_30_PUBLIC_WEBSITE_PUBLISHING_INTAKE_FORMS_CMS_BLOCKS;PHASE_31_CMS_MEDIA_LIBRARY_PUBLIC_WEBSITE_VISUAL_POLISH;PHASE_32_BLUEPRINT_ALIGNMENT_CANONICAL_OPERATIONS_MODEL;PHASE_33_1_GLOBAL_REFERENCE_GOVERNANCE_SUGGESTIONS;PHASE_33_REFERENCE_DATA_CORE_SERVICE_CATALOGUE;PHASE_34_1_GLOBAL_FIELD_LIBRARY_AGENCY_FORM_PROFILES;PHASE_34_2_PLATFORM_REFERENCE_DATA_CONSOLE_ENRICHED_COUNTRIES;PHASE_34_3_REFERENCE_DATA_ENRICHMENT_IMPORT_PACKS;PHASE_34_SEGMENT_SCOPED_REQUEST_SERVICES_PETS_ITEMS;PHASE_35_TRIP_DOSSIER_FOUNDATION;phase_56_5_1_regression_integrity_foundation;phase_56_5_2_legacy_regression_suite_migration;phase_56_5_3_github_actions_continuous_integration_foundation;phase_56_5_4_authentication_security_http_hardening_foundation;phase_56_5_5_mongodb_security_backup_disaster_recovery_foundation;phase_56_5_6_persistence_scalability_tenant_query_hardening_foundation;phase_56_5_7_observability_diagnostics_performance_telemetry_foundation;phase_56_5_8_final_stabilization_pilot_release_gate;phase_57_0_pilot_operations_release_readiness;phase_57_1_production_evidence_pilot_sign_off_completion,521,backend/config.py;backend/scripts/bootstrap_reference_data.py;backend/scripts/check_portal_isolation.py;backend/scripts/check_production_readiness.py;backend/scripts/create_first_platform_owner.py;backend/scripts/smoke_agency_feature_flag_audit_foundation.py;backend/scripts/smoke_agency_feature_flag_bundle_foundation.py;backend/scripts/smoke_agency_feature_flags_foundation.py;backend/scripts/smoke_agency_website_builder.py;backend/scripts/smoke_airline_intelligence_agency_consumption_bridge.py;backend/scripts/smoke_airline_intelligence_data_pack_foundation.py;backend/scripts/smoke_airline_intelligence_data_pack_review_foundation.py;backend/scripts/smoke_airline_intelligence_knowledge_versioning_foundation.py;backend/scripts/smoke_airline_policy_ingestion_foundation.py;backend/scripts/smoke_ancillary_pricing_exception_foundation.py;backend/scripts/smoke_backend.py;backend/scripts/smoke_booking_pnr_foundation.py;backend/scripts/smoke_booking_workspace_foundation.py;backend/scripts/smoke_capability_catalog_foundation.py;backend/scripts/smoke_document_foundation.py;backend/scripts/smoke_feature_bundle_assignment_foundation.py;backend/scripts/smoke_feature_bundle_dependency_foundation.py;backend/scripts/smoke_feature_bundle_rollout_approval_foundation.py;backend/scripts/smoke_feature_bundle_rollout_change_request_foundation.py;backend/scripts/smoke_feature_bundle_rollout_decision_register_foundation.py;backend/scripts/smoke_feature_bundle_rollout_issue_log_foundation.py;backend/scripts/smoke_feature_bundle_rollout_plan_foundation.py;backend/scripts/smoke_feature_bundle_rollout_readiness_foundation.py;backend/scripts/smoke_feature_bundle_rollout_risk_register_foundation.py;backend/scripts/smoke_feature_bundle_rollout_rollback_plan_foundation.py;backend/scripts/smoke_feature_bundle_rollout_schedule_foundation.py;backend/scripts/smoke_feature_bundle_rollout_summary_pack_foundation.py;backend/scripts/smoke_feature_bundle_rollout_timeline_foundation.py;backend/scripts/smoke_flight_workspace_foundation.py;backend/scripts/smoke_gds_parser_foundation.py;backend/scripts/smoke_offer_acceptance_booking_readiness.py;backend/scripts/smoke_offer_builder_foundation.py;backend/scripts/smoke_offer_decision_explanation_foundation.py;backend/scripts/smoke_offer_decision_export_audit_review_foundation.py;backend/scripts/smoke_offer_decision_export_compliance_foundation.py;backend/scripts/smoke_offer_decision_export_foundation.py;backend/scripts/smoke_offer_decision_export_governance_foundation.py;backend/scripts/smoke_offer_decision_export_manual_delivery_handoff_foundation.py;backend/scripts/smoke_offer_decision_export_manual_delivery_outcome_foundation.py;backend/scripts/smoke_offer_decision_export_preview_foundation.py;backend/scripts/smoke_offer_decision_export_release_readiness_foundation.py;backend/scripts/smoke_offer_decision_pack_foundation.py;backend/scripts/smoke_offer_policy_advisor_integration_foundation.py;backend/scripts/smoke_offer_workspace_foundation.py;backend/scripts/smoke_operational_travel_workspace_foundation.py;backend/scripts/smoke_passenger_workspace_foundation.py;backend/scripts/smoke_platform_agency_ux_consolidation.py;backend/scripts/smoke_policy_comparison_service_advisor_foundation.py;backend/scripts/smoke_reference_service_catalogue_governance.py;backend/scripts/smoke_rollout_dashboard_foundation.py;backend/scripts/smoke_saas_subscription_entitlement_foundation.py;backend/scripts/smoke_service_mechanics_mapping_foundation.py;backend/scripts/smoke_service_taxonomy_foundation.py;backend/scripts/smoke_staff_invitations.py;backend/scripts/smoke_standalone_change_exchange_foundation.py;backend/scripts/smoke_subscription_entitlement_ui_guardrails.py;backend/scripts/smoke_supplementary_blueprint_sync.py;backend/scripts/smoke_ticket_emd_foundation.py;backend/scripts/smoke_ticket_workspace_foundation.py;backend/scripts/smoke_travel_request_workspace_foundation.py;backend/scripts/smoke_trip_workspace_foundation.py;backend/smoke_inventory.py;deploy/hostinger/;deploy/hostinger/FIRST_DEPLOYMENT_CHECKLIST.md;deploy/hostinger/MONGODB_DISASTER_RECOVERY_RUNBOOK.md;deploy/hostinger/OPERATIONS_RUNBOOK.md;deploy/hostinger/PILOT_RELEASE_RUNBOOK.md;deploy/hostinger/POST_DEPLOYMENT_SECURITY_CHECKLIST.md;deploy/hostinger/REAL_DEPLOYMENT_NOTES.md;deploy/hostinger/TROUBLESHOOTING.md;deploy/hostinger/nginx/aeroassist.conf.example;deploy/hostinger/scripts;deploy/hostinger/scripts/backup_all.sh;deploy/hostinger/scripts/backup_exports.sh;deploy/hostinger/scripts/backup_mongo.sh;deploy/hostinger/scripts/check_storage.sh;deploy/hostinger/scripts/deploy.sh;deploy/hostinger/scripts/healthcheck.sh;deploy/hostinger/scripts/preflight.sh;deploy/hostinger/scripts/prune_backups.sh;deploy/hostinger/scripts/smoke_production.sh;deploy/hostinger/scripts/status_full.sh;deploy/hostinger/scripts/verify_backups.sh;deploy/hostinger/systemd/;docs/architecture/agency-feature-flag-audit-foundation.md;docs/architecture/agency-feature-flag-bundle-foundation.md;docs/architecture/agency-feature-flags-foundation.md;docs/architecture/agencyos-blueprint-alignment-gap-map.md;docs/architecture/airline-contact-communication-intelligence-foundation.md;docs/architecture/airline-distribution-pss-gds-ndc-capability-intelligence-foundation.md;docs/architecture/airline-fare-family-rbd-baggage-brand-intelligence-foundation.md;docs/architecture/airline-intelligence-agency-consumption-bridge.md;docs/architecture/airline-intelligence-data-pack-foundation.md;docs/architecture/airline-intelligence-data-pack-review-foundation.md;docs/architecture/airline-intelligence-knowledge-versioning-foundation.md;docs/architecture/airline-intelligence-scale-release-readiness-foundation.md;docs/architecture/airline-knowledge-acquisition-workspace-foundation.md;docs/architecture/airline-knowledge-normalisation-foundation.md;docs/architecture/airline-knowledge-versioning-change-detection-foundation.md;docs/architecture/airline-master-profile-intelligence-foundation.md;docs/architecture/airline-operational-capability-matrix-foundation.md;docs/architecture/airline-operational-intelligence-engine-foundation.md;docs/architecture/airline-operational-knowledge-governance-foundation.md;docs/architecture/airline-policy-evidence-source-governance-foundation.md;docs/architecture/airline-recommendation-engine-foundation.md;docs/architecture/airline-service-coverage-gap-management-foundation.md;docs/architecture/authentication-security-http-hardening-foundation.md;docs/architecture/booking-workspace-foundation.md;docs/architecture/canonical-journey-itinerary-representation-foundation.md;docs/architecture/canonical-operations-model.md;docs/architecture/capability-catalog-foundation.md;docs/architecture/current-model-inventory.md;docs/architecture/document-workspace-foundation.md;docs/architecture/emd-workspace-foundation.md;docs/architecture/feature-bundle-assignment-foundation.md;docs/architecture/feature-bundle-dependency-foundation.md;docs/architecture/feature-bundle-rollout-approval-foundation.md;docs/architecture/feature-bundle-rollout-change-request-foundation.md;docs/architecture/feature-bundle-rollout-decision-register-foundation.md;docs/architecture/feature-bundle-rollout-issue-log-foundation.md;docs/architecture/feature-bundle-rollout-plan-foundation.md;docs/architecture/feature-bundle-rollout-readiness-foundation.md;docs/architecture/feature-bundle-rollout-risk-register-foundation.md;docs/architecture/feature-bundle-rollout-rollback-plan-foundation.md;docs/architecture/feature-bundle-rollout-schedule-foundation.md;docs/architecture/feature-bundle-rollout-summary-pack-foundation.md;docs/architecture/feature-bundle-rollout-timeline-foundation.md;docs/architecture/final-stabilization-pilot-release-gate.md;docs/architecture/flight-workspace-foundation.md;docs/architecture/foundations/;docs/architecture/foundations/AEROASSIST_ENGINEERING_PRINCIPLES.md;docs/architecture/foundations/AIRLINE_OPERATIONAL_KNOWLEDGE_BLUEPRINT.md;docs/architecture/foundations/AIRLINE_OPERATIONAL_KNOWLEDGE_ONTOLOGY.md;docs/architecture/foundations/GLOSSARY.md;docs/architecture/foundations/PASSENGER_SERVICE_ONTOLOGY.md;docs/architecture/foundations/PASSENGER_SERVICE_OPERATIONS_MANIFESTO.md;docs/architecture/github-actions-continuous-integration-foundation.md;docs/architecture/intelligent-offer-builder-integration-foundation.md;docs/architecture/interline-codeshare-operating-carrier-intelligence-foundation.md;docs/architecture/journey-comparison-client-presentation-foundation.md;docs/architecture/journey-option-fare-brand-composition-workspace-foundation.md;docs/architecture/journey-segment-authoring-intelligent-import-workspace-foundation.md;docs/architecture/legacy-regression-suite-migration.md;docs/architecture/mongodb-security-backup-disaster-recovery-foundation.md;docs/architecture/observability-diagnostics-performance-telemetry-foundation.md;docs/architecture/offer-decision-export-audit-review-foundation.md;docs/architecture/offer-decision-export-compliance-foundation.md;docs/architecture/offer-decision-export-governance-foundation.md;docs/architecture/offer-delivery-client-interaction-foundation.md;docs/architecture/offer-workspace-foundation.md;docs/architecture/operational-constraint-engine-foundation.md;docs/architecture/operational-knowledge-evaluation-engine-foundation.md;docs/architecture/operational-timeline-workspace-foundation.md;docs/architecture/operational-travel-workspace-foundation.md;docs/architecture/passenger-service-feasibility-engine-foundation.md;docs/architecture/passenger-service-operations-principle.md;docs/architecture/passenger-service-workflow-engine-foundation.md;docs/architecture/passenger-workspace-foundation.md;docs/architecture/persistence-scalability-tenant-query-hardening-foundation.md;docs/architecture/phase-marker-regression-integrity-foundation.md;docs/architecture/pilot-operations-release-readiness.md;docs/architecture/platform-agency-ux-consolidation.md;docs/architecture/product-surface-workspace-governance.md;docs/architecture/production-evidence-pilot-sign-off-completion.md;docs/architecture/rollout-dashboard-foundation.md;docs/architecture/saas-subscription-entitlement-foundation.md;docs/architecture/ssr-osi-operational-workspace-foundation.md;docs/architecture/subscription-entitlement-ui-guardrails.md;docs/architecture/ticket-workspace-foundation.md;docs/architecture/travel-request-workspace-foundation.md;docs/architecture/trip-workspace-foundation.md,0,Only existing repository paths are listed; prose compounds and wildcard examples are excluded from missing-path claims.
root_or_other,Review Notes,REVIEW_NOTES.md,86,,0,,0,Only existing repository paths are listed; prose compounds and wildcard examples are excluded from missing-path claims.
root_or_other,Workflows,WORKFLOWS.md,181,,0,,0,Only existing repository paths are listed; prose compounds and wildcard examples are excluded from missing-path claims.
deploy_runbook,First Hostinger VPS Deployment Checklist,deploy/hostinger/FIRST_DEPLOYMENT_CHECKLIST.md,260,,1,deploy/hostinger/MONGODB_DISASTER_RECOVERY_RUNBOOK.md;deploy/hostinger/nginx/aeroassist.conf.example;deploy/hostinger/scripts/backup_exports.sh;deploy/hostinger/scripts/backup_mongo.sh;deploy/hostinger/scripts/deploy.sh;deploy/hostinger/scripts/logs.sh;deploy/hostinger/scripts/preflight.sh;deploy/hostinger/scripts/smoke_production.sh;deploy/hostinger/scripts/verify_backups.sh,0,Only existing repository paths are listed; prose compounds and wildcard examples are excluded from missing-path claims.
deploy_runbook,MongoDB Security and Disaster Recovery Runbook,deploy/hostinger/MONGODB_DISASTER_RECOVERY_RUNBOOK.md,178,,0,deploy/hostinger/scripts/backup_all.sh;deploy/hostinger/scripts/preflight.sh;deploy/hostinger/scripts/prune_backups.sh;deploy/hostinger/scripts/restore_mongodb_backup.sh;deploy/hostinger/scripts/smoke_production.sh;deploy/hostinger/scripts/test_restore_mongodb_backup.sh;deploy/hostinger/scripts/verify_backups.sh,0,Only existing repository paths are listed; prose compounds and wildcard examples are excluded from missing-path claims.
deploy_runbook,AeroAssist Hostinger Operations Runbook,deploy/hostinger/OPERATIONS_RUNBOOK.md,441,,5,deploy/hostinger/;deploy/hostinger/FIRST_DEPLOYMENT_CHECKLIST.md;deploy/hostinger/MONGODB_DISASTER_RECOVERY_RUNBOOK.md;deploy/hostinger/POST_DEPLOYMENT_SECURITY_CHECKLIST.md;deploy/hostinger/TROUBLESHOOTING.md;deploy/hostinger/nginx/aeroassist.conf.example;deploy/hostinger/scripts/;deploy/hostinger/scripts/backup_all.sh;deploy/hostinger/scripts/backup_exports.sh;deploy/hostinger/scripts/backup_mongo.sh;deploy/hostinger/scripts/check_storage.sh;deploy/hostinger/scripts/deploy.sh;deploy/hostinger/scripts/healthcheck.sh;deploy/hostinger/scripts/logs.sh;deploy/hostinger/scripts/preflight.sh;deploy/hostinger/scripts/prune_backups.sh;deploy/hostinger/scripts/restart.sh;deploy/hostinger/scripts/smoke_production.sh;deploy/hostinger/scripts/status.sh;deploy/hostinger/scripts/status_full.sh;deploy/hostinger/scripts/verify_backups.sh;deploy/hostinger/systemd/aeroassist-backup-verify.service;deploy/hostinger/systemd/aeroassist-backup-verify.timer;deploy/hostinger/systemd/aeroassist-backup.service;deploy/hostinger/systemd/aeroassist-backup.timer,0,Only existing repository paths are listed; prose compounds and wildcard examples are excluded from missing-path claims.
deploy_runbook,Controlled Pilot Release Runbook,deploy/hostinger/PILOT_RELEASE_RUNBOOK.md,154,,3,,0,Only existing repository paths are listed; prose compounds and wildcard examples are excluded from missing-path claims.
deploy_runbook,Post-Deployment Security Checklist,deploy/hostinger/POST_DEPLOYMENT_SECURITY_CHECKLIST.md,123,,6,deploy/hostinger/scripts/check_storage.sh;deploy/hostinger/scripts/healthcheck.sh;deploy/hostinger/scripts/prune_backups.sh;deploy/hostinger/scripts/smoke_production.sh;deploy/hostinger/scripts/status_full.sh;deploy/hostinger/scripts/verify_backups.sh,0,Only existing repository paths are listed; prose compounds and wildcard examples are excluded from missing-path claims.
deploy_runbook,Real Hostinger Deployment Notes,deploy/hostinger/REAL_DEPLOYMENT_NOTES.md,51,,2,deploy/hostinger/nginx/aeroassist.conf.example;deploy/hostinger/scripts/smoke_production.sh,0,Only existing repository paths are listed; prose compounds and wildcard examples are excluded from missing-path claims.
deploy_runbook,Hostinger VPS Troubleshooting,deploy/hostinger/TROUBLESHOOTING.md,340,,3,backend/requirements.txt;deploy/hostinger/scripts/backup_all.sh;deploy/hostinger/scripts/check_storage.sh;deploy/hostinger/scripts/healthcheck.sh;deploy/hostinger/scripts/status_full.sh;deploy/hostinger/scripts/verify_backups.sh;deploy/hostinger/systemd,0,Only existing repository paths are listed; prose compounds and wildcard examples are excluded from missing-path claims.
deploy_runbook,MongoDB Restore Entry Point,deploy/hostinger/scripts/restore_mongo.md,13,,0,deploy/hostinger/MONGODB_DISASTER_RECOVERY_RUNBOOK.md;deploy/hostinger/scripts/restore_mongodb_backup.sh;deploy/hostinger/scripts/test_restore_mongodb_backup.sh,0,Only existing repository paths are listed; prose compounds and wildcard examples are excluded from missing-path claims.
architecture,Agency Feature Flag Readiness & Audit Foundation,docs/architecture/agency-feature-flag-audit-foundation.md,72,,13,,0,Only existing repository paths are listed; prose compounds and wildcard examples are excluded from missing-path claims.
architecture,Agency Feature Flag Bundle Foundation,docs/architecture/agency-feature-flag-bundle-foundation.md,76,,14,,0,Only existing repository paths are listed; prose compounds and wildcard examples are excluded from missing-path claims.
architecture,Agency Feature Flags Foundation,docs/architecture/agency-feature-flags-foundation.md,66,,17,docs/architecture/agency-feature-flag-audit-foundation.md,0,Only existing repository paths are listed; prose compounds and wildcard examples are excluded from missing-path claims.
architecture,AgencyOS Blueprint Alignment Gap Map,docs/architecture/agencyos-blueprint-alignment-gap-map.md,205,,301,backend/routers/clients.py;backend/routers/trips.py;docs/architecture/foundations/;frontend/src/lib/moduleCatalog.js,0,Only existing repository paths are listed; prose compounds and wildcard examples are excluded from missing-path claims.
architecture,Agent Work Queue and Assignment Foundation,docs/architecture/agent-work-queue-assignment-foundation.md,99,,4,,0,Only existing repository paths are listed; prose compounds and wildcard examples are excluded from missing-path claims.
architecture,Airline Contact and Communication Intelligence Foundation,docs/architecture/airline-contact-communication-intelligence-foundation.md,73,,4,,0,Only existing repository paths are listed; prose compounds and wildcard examples are excluded from missing-path claims.
architecture,Airline Distribution PSS GDS NDC Capability Intelligence Foundation,docs/architecture/airline-distribution-pss-gds-ndc-capability-intelligence-foundation.md,71,phase_55_5_airline_distribution_pss_gds_ndc_capability_intelligence_foundation,4,,0,Only existing repository paths are listed; prose compounds and wildcard examples are excluded from missing-path claims.
architecture,"Airline Fare Family, RBD, Baggage, and Brand Intelligence Foundation",docs/architecture/airline-fare-family-rbd-baggage-brand-intelligence-foundation.md,46,,4,,0,Only existing repository paths are listed; prose compounds and wildcard examples are excluded from missing-path claims.
architecture,Airline Intelligence Agency Consumption Bridge,docs/architecture/airline-intelligence-agency-consumption-bridge.md,55,,4,,0,Only existing repository paths are listed; prose compounds and wildcard examples are excluded from missing-path claims.
architecture,Airline Intelligence Data Pack Foundation,docs/architecture/airline-intelligence-data-pack-foundation.md,71,,6,,0,Only existing repository paths are listed; prose compounds and wildcard examples are excluded from missing-path claims.
architecture,Airline Intelligence Data Pack Review Foundation,docs/architecture/airline-intelligence-data-pack-review-foundation.md,65,,6,,0,Only existing repository paths are listed; prose compounds and wildcard examples are excluded from missing-path claims.
architecture,Airline Intelligence Knowledge Versioning Foundation,docs/architecture/airline-intelligence-knowledge-versioning-foundation.md,69,,6,,0,Only existing repository paths are listed; prose compounds and wildcard examples are excluded from missing-path claims.
architecture,Airline Intelligence Scale and Release Readiness Foundation,docs/architecture/airline-intelligence-scale-release-readiness-foundation.md,107,phase_55_9_airline_intelligence_scale_release_readiness_foundation,4,,0,Only existing repository paths are listed; prose compounds and wildcard examples are excluded from missing-path claims.
architecture,Airline Knowledge Acquisition Workspace Foundation,docs/architecture/airline-knowledge-acquisition-workspace-foundation.md,97,,8,,0,Only existing repository paths are listed; prose compounds and wildcard examples are excluded from missing-path claims.
architecture,Airline Knowledge Normalisation Foundation,docs/architecture/airline-knowledge-normalisation-foundation.md,55,phase_50_3_airline_knowledge_normalisation_foundation,4,,0,Only existing repository paths are listed; prose compounds and wildcard examples are excluded from missing-path claims.
architecture,Airline Knowledge Publishing Foundation,docs/architecture/airline-knowledge-publishing-foundation.md,74,,4,backend/services/airline_knowledge_publishing_service.py,0,Only existing repository paths are listed; prose compounds and wildcard examples are excluded from missing-path claims.
architecture,Airline Knowledge Versioning And Change Detection Foundation,docs/architecture/airline-knowledge-versioning-change-detection-foundation.md,51,,4,,0,Only existing repository paths are listed; prose compounds and wildcard examples are excluded from missing-path claims.
architecture,Airline Master Profile Intelligence Foundation,docs/architecture/airline-master-profile-intelligence-foundation.md,47,,4,,0,Only existing repository paths are listed; prose compounds and wildcard examples are excluded from missing-path claims.
architecture,Airline Operational Capability Matrix Foundation,docs/architecture/airline-operational-capability-matrix-foundation.md,87,,4,,0,Only existing repository paths are listed; prose compounds and wildcard examples are excluded from missing-path claims.
architecture,Airline Operational Intelligence Engine Foundation,docs/architecture/airline-operational-intelligence-engine-foundation.md,159,phase_50_0_airline_operational_intelligence_engine_architecture_foundation,6,backend/routers/agency_airline_operational_intelligence.py;backend/routers/platform_airline_operational_intelligence.py;backend/services/airline_operational_intelligence_service.py;docs/architecture/foundations/,0,Only existing repository paths are listed; prose compounds and wildcard examples are excluded from missing-path claims.
architecture,Airline Operational Knowledge Governance Foundation,docs/architecture/airline-operational-knowledge-governance-foundation.md,69,phase_50_4_airline_operational_knowledge_governance_foundation,5,,0,Only existing repository paths are listed; prose compounds and wildcard examples are excluded from missing-path claims.
architecture,Airline Policy Evidence And Source Governance Foundation,docs/architecture/airline-policy-evidence-source-governance-foundation.md,50,,4,,0,Only existing repository paths are listed; prose compounds and wildcard examples are excluded from missing-path claims.
architecture,Airline Policy Ingestion Foundation,docs/architecture/airline-policy-ingestion-foundation.md,54,,0,,0,Only existing repository paths are listed; prose compounds and wildcard examples are excluded from missing-path claims.
architecture,Airline Recommendation Engine Foundation,docs/architecture/airline-recommendation-engine-foundation.md,99,,4,,0,Only existing repository paths are listed; prose compounds and wildcard examples are excluded from missing-path claims.
architecture,Airline Service Coverage And Knowledge Gap Management Foundation,docs/architecture/airline-service-coverage-gap-management-foundation.md,61,,4,,0,Only existing repository paths are listed; prose compounds and wildcard examples are excluded from missing-path claims.
architecture,Ancillary Pricing And Exception Foundation,docs/architecture/ancillary-pricing-exception-foundation.md,51,,4,,0,Only existing repository paths are listed; prose compounds and wildcard examples are excluded from missing-path claims.
architecture,"Authentication, Security, and HTTP Hardening Foundation",docs/architecture/authentication-security-http-hardening-foundation.md,103,phase_56_5_4_authentication_security_http_hardening_foundation,2,,0,Only existing repository paths are listed; prose compounds and wildcard examples are excluded from missing-path claims.
architecture,Booking Import Draft Foundation,docs/architecture/booking-import-draft-foundation.md,49,,8,,0,Only existing repository paths are listed; prose compounds and wildcard examples are excluded from missing-path claims.
architecture,Booking / PNR Foundation,docs/architecture/booking-pnr-foundation.md,46,,7,,0,Only existing repository paths are listed; prose compounds and wildcard examples are excluded from missing-path claims.
architecture,Booking Workspace Foundation,docs/architecture/booking-workspace-foundation.md,113,phase_41_6_booking_workspace_foundation,8,,0,Only existing repository paths are listed; prose compounds and wildcard examples are excluded from missing-path claims.
architecture,Canonical Journey And Itinerary Representation Foundation,docs/architecture/canonical-journey-itinerary-representation-foundation.md,116,phase_56_0_canonical_journey_itinerary_representation_foundation;phase_56_1_journey_segment_authoring_intelligent_import_workspace_foundation,4,,0,Only existing repository paths are listed; prose compounds and wildcard examples are excluded from missing-path claims.
architecture,Canonical Operations Model,docs/architecture/canonical-operations-model.md,136,,1,,0,Only existing repository paths are listed; prose compounds and wildcard examples are excluded from missing-path claims.
architecture,Canonical Route Policy,docs/architecture/canonical-route-policy.md,361,,391,,0,Only existing repository paths are listed; prose compounds and wildcard examples are excluded from missing-path claims.
architecture,Capability Catalog Foundation,docs/architecture/capability-catalog-foundation.md,85,,17,,0,Only existing repository paths are listed; prose compounds and wildcard examples are excluded from missing-path claims.
architecture,Client Passenger Master Workspace Foundation,docs/architecture/client-passenger-master-workspace-foundation.md,30,,8,,0,Only existing repository paths are listed; prose compounds and wildcard examples are excluded from missing-path claims.
architecture,Current Model Inventory,docs/architecture/current-model-inventory.md,385,,6,,0,Only existing repository paths are listed; prose compounds and wildcard examples are excluded from missing-path claims.
architecture,Document Foundation,docs/architecture/document-foundation.md,72,,14,,0,Only existing repository paths are listed; prose compounds and wildcard examples are excluded from missing-path claims.
architecture,Document Workspace Foundation,docs/architecture/document-workspace-foundation.md,64,,9,,0,Only existing repository paths are listed; prose compounds and wildcard examples are excluded from missing-path claims.
architecture,EMD Workspace Foundation,docs/architecture/emd-workspace-foundation.md,46,phase_41_8_emd_workspace_foundation,5,,0,Only existing repository paths are listed; prose compounds and wildcard examples are excluded from missing-path claims.
architecture,End-to-End Operational Workflow Maturity Foundation,docs/architecture/end-to-end-operational-workflow-maturity-foundation.md,77,,10,,0,Only existing repository paths are listed; prose compounds and wildcard examples are excluded from missing-path claims.
architecture,Phase 53.0 - End-to-End Stabilization & Pilot Readiness Foundation,docs/architecture/end-to-end-stabilization-pilot-readiness-foundation.md,136,,27,,0,Only existing repository paths are listed; prose compounds and wildcard examples are excluded from missing-path claims.
architecture,Feature Bundle Assignment Foundation,docs/architecture/feature-bundle-assignment-foundation.md,87,,13,,0,Only existing repository paths are listed; prose compounds and wildcard examples are excluded from missing-path claims.
architecture,Feature Bundle Dependency Foundation,docs/architecture/feature-bundle-dependency-foundation.md,29,,6,,0,Only existing repository paths are listed; prose compounds and wildcard examples are excluded from missing-path claims.
architecture,Feature Bundle Rollout Approval Foundation,docs/architecture/feature-bundle-rollout-approval-foundation.md,38,,10,,0,Only existing repository paths are listed; prose compounds and wildcard examples are excluded from missing-path claims.
architecture,Feature Bundle Rollout Change Request Foundation,docs/architecture/feature-bundle-rollout-change-request-foundation.md,66,phase_40_11_feature_bundle_rollout_change_request_foundation,8,,0,Only existing repository paths are listed; prose compounds and wildcard examples are excluded from missing-path claims.
architecture,Feature Bundle Rollout Decision Register Foundation,docs/architecture/feature-bundle-rollout-decision-register-foundation.md,63,phase_40_10_feature_bundle_rollout_decision_register_foundation,6,,0,Only existing repository paths are listed; prose compounds and wildcard examples are excluded from missing-path claims.
architecture,Feature Bundle Rollout Issue Log Foundation,docs/architecture/feature-bundle-rollout-issue-log-foundation.md,28,,6,,0,Only existing repository paths are listed; prose compounds and wildcard examples are excluded from missing-path claims.
architecture,Feature Bundle Rollout Plan Foundation,docs/architecture/feature-bundle-rollout-plan-foundation.md,28,,4,,0,Only existing repository paths are listed; prose compounds and wildcard examples are excluded from missing-path claims.
architecture,Feature Bundle Rollout Readiness Foundation,docs/architecture/feature-bundle-rollout-readiness-foundation.md,33,,4,,0,Only existing repository paths are listed; prose compounds and wildcard examples are excluded from missing-path claims.
architecture,Feature Bundle Rollout Risk Register Foundation,docs/architecture/feature-bundle-rollout-risk-register-foundation.md,28,,6,,0,Only existing repository paths are listed; prose compounds and wildcard examples are excluded from missing-path claims.
architecture,Feature Bundle Rollout Rollback Plan Foundation,docs/architecture/feature-bundle-rollout-rollback-plan-foundation.md,55,phase_40_12_feature_bundle_rollout_rollback_plan_foundation,10,,0,Only existing repository paths are listed; prose compounds and wildcard examples are excluded from missing-path claims.
architecture,Feature Bundle Rollout Schedule Foundation,docs/architecture/feature-bundle-rollout-schedule-foundation.md,31,,6,,0,Only existing repository paths are listed; prose compounds and wildcard examples are excluded from missing-path claims.
architecture,Feature Bundle Rollout Summary Pack Foundation,docs/architecture/feature-bundle-rollout-summary-pack-foundation.md,71,phase_40_13_feature_bundle_rollout_summary_pack_foundation,8,,0,Only existing repository paths are listed; prose compounds and wildcard examples are excluded from missing-path claims.
architecture,Feature Bundle Rollout Timeline Foundation,docs/architecture/feature-bundle-rollout-timeline-foundation.md,29,,6,,0,Only existing repository paths are listed; prose compounds and wildcard examples are excluded from missing-path claims.
architecture,Final Stabilization and Pilot Release Gate,docs/architecture/final-stabilization-pilot-release-gate.md,84,phase_56_5_8_final_stabilization_pilot_release_gate,4,backend/scripts/assess_pilot_release_readiness.py;backend/scripts/run_pilot_release_validation.py;deploy/hostinger/PILOT_RELEASE_RUNBOOK.md,0,Only existing repository paths are listed; prose compounds and wildcard examples are excluded from missing-path claims.
architecture,Flight Workspace Foundation,docs/architecture/flight-workspace-foundation.md,115,phase_41_3_flight_workspace_foundation,8,,0,Only existing repository paths are listed; prose compounds and wildcard examples are excluded from missing-path claims.
architecture,AeroAssist Engineering Principles,docs/architecture/foundations/AEROASSIST_ENGINEERING_PRINCIPLES.md,99,,2,,0,Only existing repository paths are listed; prose compounds and wildcard examples are excluded from missing-path claims.
architecture,Airline Operational Knowledge Blueprint,docs/architecture/foundations/AIRLINE_OPERATIONAL_KNOWLEDGE_BLUEPRINT.md,224,,0,,0,Only existing repository paths are listed; prose compounds and wildcard examples are excluded from missing-path claims.
architecture,Airline Operational Knowledge Ontology,docs/architecture/foundations/AIRLINE_OPERATIONAL_KNOWLEDGE_ONTOLOGY.md,38,,0,,0,Only existing repository paths are listed; prose compounds and wildcard examples are excluded from missing-path claims.
architecture,Glossary,docs/architecture/foundations/GLOSSARY.md,329,,0,,0,Only existing repository paths are listed; prose compounds and wildcard examples are excluded from missing-path claims.
architecture,Passenger Service Ontology,docs/architecture/foundations/PASSENGER_SERVICE_ONTOLOGY.md,42,,0,,0,Only existing repository paths are listed; prose compounds and wildcard examples are excluded from missing-path claims.
architecture,Passenger Service Operations Manifesto,docs/architecture/foundations/PASSENGER_SERVICE_OPERATIONS_MANIFESTO.md,33,,0,,0,Only existing repository paths are listed; prose compounds and wildcard examples are excluded from missing-path claims.
architecture,GDS Parser Foundation,docs/architecture/gds-parser-foundation.md,62,,4,,0,Only existing repository paths are listed; prose compounds and wildcard examples are excluded from missing-path claims.
architecture,GitHub Actions Continuous Integration Foundation,docs/architecture/github-actions-continuous-integration-foundation.md,101,phase_56_5_3_github_actions_continuous_integration_foundation,0,.github/workflows/ci-docker.yml;.github/workflows/ci-fast.yml;.github/workflows/ci-regression-full.yml;.github/workflows/ci-smoke-focused.yml;backend/Dockerfile;backend/scripts/run_smoke_inventory.py;backend/scripts/smoke_inventory.json;backend/scripts/smoke_observability_diagnostics_performance_telemetry_foundation.py;backend/scripts/validate_ci_foundation.py;backend/scripts/validate_observability_foundation.py;backend/scripts/validate_persistence_query_foundation.py;backend/scripts/validate_smoke_inventory.py;backend/smoke_inventory.py,0,Only existing repository paths are listed; prose compounds and wildcard examples are excluded from missing-path claims.
architecture,Intelligent Offer Builder Integration Foundation,docs/architecture/intelligent-offer-builder-integration-foundation.md,77,,4,,0,Only existing repository paths are listed; prose compounds and wildcard examples are excluded from missing-path claims.
architecture,"Interline, Codeshare, and Operating Carrier Intelligence Foundation",docs/architecture/interline-codeshare-operating-carrier-intelligence-foundation.md,46,,4,,0,Only existing repository paths are listed; prose compounds and wildcard examples are excluded from missing-path claims.
architecture,Journey Comparison and Client Presentation Foundation,docs/architecture/journey-comparison-client-presentation-foundation.md,67,phase_56_3_journey_comparison_client_presentation_foundation,0,,0,Only existing repository paths are listed; prose compounds and wildcard examples are excluded from missing-path claims.
architecture,Journey Option and Fare Brand Composition Workspace Foundation,docs/architecture/journey-option-fare-brand-composition-workspace-foundation.md,94,phase_56_2_journey_option_fare_brand_composition_workspace_foundation,4,,0,Only existing repository paths are listed; prose compounds and wildcard examples are excluded from missing-path claims.
architecture,Journey Segment Authoring And Intelligent Import Workspace Foundation,docs/architecture/journey-segment-authoring-intelligent-import-workspace-foundation.md,91,,4,,0,Only existing repository paths are listed; prose compounds and wildcard examples are excluded from missing-path claims.
architecture,Knowledge Import Templates Foundation,docs/architecture/knowledge-import-templates-foundation.md,60,,4,,0,Only existing repository paths are listed; prose compounds and wildcard examples are excluded from missing-path claims.
architecture,Knowledge Population Toolkit Foundation,docs/architecture/knowledge-population-toolkit-foundation.md,93,,8,,0,Only existing repository paths are listed; prose compounds and wildcard examples are excluded from missing-path claims.
architecture,Knowledge Quality Assurance Foundation,docs/architecture/knowledge-quality-assurance-foundation.md,83,,4,backend/services/knowledge_quality_assurance_service.py,0,Only existing repository paths are listed; prose compounds and wildcard examples are excluded from missing-path claims.
architecture,Legacy Regression Suite Migration,docs/architecture/legacy-regression-suite-migration.md,111,phase_28;phase_28_0;phase_56_5_2_legacy_regression_suite_migration,2,backend/build_phase.py;backend/scripts/phase_assertions.py;backend/scripts/run_smoke_inventory.py;backend/scripts/smoke_inventory.json;backend/scripts/smoke_legacy_regression_suite_migration.py;backend/scripts/smoke_phase_marker_regression_integrity_foundation.py;backend/scripts/validate_smoke_inventory.py;backend/smoke_inventory.py,0,Only existing repository paths are listed; prose compounds and wildcard examples are excluded from missing-path claims.
architecture,"MongoDB Security, Backup, and Disaster Recovery Foundation",docs/architecture/mongodb-security-backup-disaster-recovery-foundation.md,105,,0,deploy/hostinger/MONGODB_DISASTER_RECOVERY_RUNBOOK.md;deploy/hostinger/PILOT_RELEASE_RUNBOOK.md;deploy/hostinger/mongodb/init-application-user.sh;deploy/hostinger/scripts/backup_mongo.sh,0,Only existing repository paths are listed; prose compounds and wildcard examples are excluded from missing-path claims.
architecture,"Observability, Diagnostics, and Performance Telemetry Foundation",docs/architecture/observability-diagnostics-performance-telemetry-foundation.md,131,phase_56_5_7_observability_diagnostics_performance_telemetry_foundation,2,backend/observability.py,0,Only existing repository paths are listed; prose compounds and wildcard examples are excluded from missing-path claims.
architecture,Offer Decision Explanation Foundation,docs/architecture/offer-decision-explanation-foundation.md,34,,2,,0,Only existing repository paths are listed; prose compounds and wildcard examples are excluded from missing-path claims.
architecture,Offer Decision Export Audit Review Foundation,docs/architecture/offer-decision-export-audit-review-foundation.md,66,,21,,0,Only existing repository paths are listed; prose compounds and wildcard examples are excluded from missing-path claims.
architecture,Offer Decision Export Compliance Evidence Foundation,docs/architecture/offer-decision-export-compliance-foundation.md,45,,21,,0,Only existing repository paths are listed; prose compounds and wildcard examples are excluded from missing-path claims.
architecture,Offer Decision Export Foundation,docs/architecture/offer-decision-export-foundation.md,54,,2,,0,Only existing repository paths are listed; prose compounds and wildcard examples are excluded from missing-path claims.
architecture,Offer Decision Export Governance Foundation,docs/architecture/offer-decision-export-governance-foundation.md,44,,19,,0,Only existing repository paths are listed; prose compounds and wildcard examples are excluded from missing-path claims.
architecture,Offer Decision Export Manual Delivery Handoff Foundation,docs/architecture/offer-decision-export-manual-delivery-handoff-foundation.md,60,,6,,0,Only existing repository paths are listed; prose compounds and wildcard examples are excluded from missing-path claims.
architecture,Offer Decision Export Manual Delivery Outcome Foundation,docs/architecture/offer-decision-export-manual-delivery-outcome-foundation.md,24,,6,,0,Only existing repository paths are listed; prose compounds and wildcard examples are excluded from missing-path claims.
architecture,Offer Decision Export Preview Foundation,docs/architecture/offer-decision-export-preview-foundation.md,54,,2,,0,Only existing repository paths are listed; prose compounds and wildcard examples are excluded from missing-path claims.
architecture,Offer Decision Export Release Readiness Foundation,docs/architecture/offer-decision-export-release-readiness-foundation.md,58,,4,,0,Only existing repository paths are listed; prose compounds and wildcard examples are excluded from missing-path claims.
architecture,Offer Decision Pack Foundation,docs/architecture/offer-decision-pack-foundation.md,48,,2,,0,Only existing repository paths are listed; prose compounds and wildcard examples are excluded from missing-path claims.
architecture,Offer Delivery and Client Interaction Foundation,docs/architecture/offer-delivery-client-interaction-foundation.md,115,phase_56_4_offer_delivery_client_interaction_foundation,8,,0,Only existing repository paths are listed; prose compounds and wildcard examples are excluded from missing-path claims.
architecture,Offer Policy Advisor Integration Foundation,docs/architecture/offer-policy-advisor-integration-foundation.md,42,,4,,0,Only existing repository paths are listed; prose compounds and wildcard examples are excluded from missing-path claims.
architecture,Phase 54.6: Offer-to-Booking Handoff and Booking Readiness Foundation,docs/architecture/offer-to-booking-handoff-readiness-foundation.md,79,,14,,0,Only existing repository paths are listed; prose compounds and wildcard examples are excluded from missing-path claims.
architecture,Offer Workspace Foundation,docs/architecture/offer-workspace-foundation.md,114,phase_41_5_offer_workspace_foundation,9,,0,Only existing repository paths are listed; prose compounds and wildcard examples are excluded from missing-path claims.
architecture,Operational Constraint Engine Foundation,docs/architecture/operational-constraint-engine-foundation.md,87,,8,,0,Only existing repository paths are listed; prose compounds and wildcard examples are excluded from missing-path claims.
architecture,Operational Intelligence Pipeline Consolidation Foundation,docs/architecture/operational-intelligence-pipeline-consolidation-foundation.md,72,,4,,0,Only existing repository paths are listed; prose compounds and wildcard examples are excluded from missing-path claims.
architecture,Operational Knowledge Evaluation Engine Foundation,docs/architecture/operational-knowledge-evaluation-engine-foundation.md,107,,4,,0,Only existing repository paths are listed; prose compounds and wildcard examples are excluded from missing-path claims.
architecture,Operational Rule Composer Foundation,docs/architecture/operational-rule-composer-foundation.md,90,,4,backend/services/operational_rule_composer_service.py,0,Only existing repository paths are listed; prose compounds and wildcard examples are excluded from missing-path claims.
architecture,Operational Scenario Testing Foundation,docs/architecture/operational-scenario-testing-foundation.md,86,,8,,0,Only existing repository paths are listed; prose compounds and wildcard examples are excluded from missing-path claims.
architecture,Operational Timeline Workspace Foundation,docs/architecture/operational-timeline-workspace-foundation.md,55,,8,,0,Only existing repository paths are listed; prose compounds and wildcard examples are excluded from missing-path claims.
architecture,Operational Travel Workspace Foundation,docs/architecture/operational-travel-workspace-foundation.md,99,phase_41_0_operational_travel_workspace_foundation,8,,0,Only existing repository paths are listed; prose compounds and wildcard examples are excluded from missing-path claims.
architecture,Operational Workflow Orchestration Foundation,docs/architecture/operational-workflow-orchestration-foundation.md,113,phase_54_1_operational_workflow_orchestration_foundation,6,,0,Only existing repository paths are listed; prose compounds and wildcard examples are excluded from missing-path claims.
architecture,Operations Command Center Foundation,docs/architecture/operations-command-center-foundation.md,85,,14,,0,Only existing repository paths are listed; prose compounds and wildcard examples are excluded from missing-path claims.
architecture,Passenger Service Feasibility Engine Foundation,docs/architecture/passenger-service-feasibility-engine-foundation.md,77,,4,,0,Only existing repository paths are listed; prose compounds and wildcard examples are excluded from missing-path claims.
architecture,Passenger Service Operations Principle,docs/architecture/passenger-service-operations-principle.md,124,,0,docs/architecture/foundations/,0,Only existing repository paths are listed; prose compounds and wildcard examples are excluded from missing-path claims.
architecture,Passenger Service Workflow Engine Foundation,docs/architecture/passenger-service-workflow-engine-foundation.md,84,,8,,0,Only existing repository paths are listed; prose compounds and wildcard examples are excluded from missing-path claims.
architecture,Passenger Workspace Foundation,docs/architecture/passenger-workspace-foundation.md,115,phase_41_2_passenger_workspace_foundation,8,,0,Only existing repository paths are listed; prose compounds and wildcard examples are excluded from missing-path claims.
architecture,Persistence Scalability and Tenant Query Hardening Foundation,docs/architecture/persistence-scalability-tenant-query-hardening-foundation.md,135,phase_56_5_6_persistence_scalability_tenant_query_hardening_foundation,0,backend/persistence_query.py;backend/persistence_repository.py;backend/scripts/persistence_query_legacy_exceptions.json,0,Only existing repository paths are listed; prose compounds and wildcard examples are excluded from missing-path claims.
architecture,Phase Marker and Regression Integrity Foundation,docs/architecture/phase-marker-regression-integrity-foundation.md,76,phase_55_9_airline_intelligence_scale_release_readiness_foundation;phase_56_5_1_regression_integrity_foundation,2,backend/build_phase.py;backend/scripts/phase_assertions.py;backend/scripts/smoke_airline_master_profile_intelligence_foundation.py;backend/scripts/smoke_phase_marker_regression_integrity_foundation.py,0,Only existing repository paths are listed; prose compounds and wildcard examples are excluded from missing-path claims.
architecture,Pilot Operations and Release Readiness,docs/architecture/pilot-operations-release-readiness.md,54,phase_57_0_pilot_operations_release_readiness,5,,0,Only existing repository paths are listed; prose compounds and wildcard examples are excluded from missing-path claims.
architecture,Platform / Agency UX Consolidation,docs/architecture/platform-agency-ux-consolidation.md,63,,6,frontend/src/lib/moduleCatalog.js,0,Only existing repository paths are listed; prose compounds and wildcard examples are excluded from missing-path claims.
architecture,Policy Comparison Service Advisor Foundation,docs/architecture/policy-comparison-service-advisor-foundation.md,55,,2,,0,Only existing repository paths are listed; prose compounds and wildcard examples are excluded from missing-path claims.
architecture,Pricing Formula Builder Foundation,docs/architecture/pricing-formula-builder-foundation.md,52,,4,,0,Only existing repository paths are listed; prose compounds and wildcard examples are excluded from missing-path claims.
architecture,Product Surface And Workspace Governance,docs/architecture/product-surface-workspace-governance.md,61,,6,,0,Only existing repository paths are listed; prose compounds and wildcard examples are excluded from missing-path claims.
architecture,Production Evidence and Pilot Sign-Off Completion,docs/architecture/production-evidence-pilot-sign-off-completion.md,68,phase_57_1_production_evidence_pilot_sign_off_completion,2,,0,Only existing repository paths are listed; prose compounds and wildcard examples are excluded from missing-path claims.
architecture,Reference Data Consumer Map,docs/architecture/reference-data-consumer-map.md,53,,5,backend/services/reference_domain_usage_service.py;backend/services/reference_import_template_service.py,0,Only existing repository paths are listed; prose compounds and wildcard examples are excluded from missing-path claims.
architecture,Reference Data Engine Foundation,docs/architecture/reference-data-engine-foundation.md,59,,4,,0,Only existing repository paths are listed; prose compounds and wildcard examples are excluded from missing-path claims.
architecture,Request Segment Service Precision Foundation,docs/architecture/request-segment-service-precision-foundation.md,50,,4,,0,Only existing repository paths are listed; prose compounds and wildcard examples are excluded from missing-path claims.
architecture,Request-to-Trip Operational Conversion Foundation,docs/architecture/request-to-trip-operational-conversion-foundation.md,66,,4,,0,Only existing repository paths are listed; prose compounds and wildcard examples are excluded from missing-path claims.
architecture,Rollout Dashboard Foundation,docs/architecture/rollout-dashboard-foundation.md,27,,4,,0,Only existing repository paths are listed; prose compounds and wildcard examples are excluded from missing-path claims.
architecture,SaaS Subscription & Entitlement Foundation,docs/architecture/saas-subscription-entitlement-foundation.md,50,,4,docs/architecture/subscription-entitlement-ui-guardrails.md,0,Only existing repository paths are listed; prose compounds and wildcard examples are excluded from missing-path claims.
architecture,Service Catalogue Operational Contract,docs/architecture/service-catalogue-operational-contract.md,41,,2,,0,Only existing repository paths are listed; prose compounds and wildcard examples are excluded from missing-path claims.
architecture,Service Mechanics Mapping Foundation,docs/architecture/service-mechanics-mapping-foundation.md,60,,6,,0,Only existing repository paths are listed; prose compounds and wildcard examples are excluded from missing-path claims.
architecture,Phase 51.1 - Service Parameter Taxonomy Integration Foundation,docs/architecture/service-parameter-taxonomy-integration-foundation.md,85,,4,,0,Only existing repository paths are listed; prose compounds and wildcard examples are excluded from missing-path claims.
architecture,Service Taxonomy Foundation,docs/architecture/service-taxonomy-foundation.md,81,,4,,0,Only existing repository paths are listed; prose compounds and wildcard examples are excluded from missing-path claims.
architecture,Servicing and After-Sales Workflow Foundation,docs/architecture/servicing-after-sales-workflow-foundation.md,85,,7,,0,Only existing repository paths are listed; prose compounds and wildcard examples are excluded from missing-path claims.
architecture,SLA and Operational Deadline Engine Foundation,docs/architecture/sla-operational-deadline-engine-foundation.md,38,,4,,0,Only existing repository paths are listed; prose compounds and wildcard examples are excluded from missing-path claims.
architecture,Special Services Unified Facade,docs/architecture/special-services-unified-facade.md,33,,0,,0,Only existing repository paths are listed; prose compounds and wildcard examples are excluded from missing-path claims.
architecture,SSR / OSI Operational Workspace Foundation,docs/architecture/ssr-osi-operational-workspace-foundation.md,51,,4,,0,Only existing repository paths are listed; prose compounds and wildcard examples are excluded from missing-path claims.
architecture,"Standalone Booking, Ticket, And EMD Workflows",docs/architecture/standalone-booking-ticket-emd-workflows.md,46,,8,,0,Only existing repository paths are listed; prose compounds and wildcard examples are excluded from missing-path claims.
architecture,Subscription Entitlement UI Guardrails,docs/architecture/subscription-entitlement-ui-guardrails.md,56,,9,,0,Only existing repository paths are listed; prose compounds and wildcard examples are excluded from missing-path claims.
architecture,Supplementary Blueprint Adoption Map,docs/architecture/supplementary-blueprint-adoption-map.md,442,,301,docs/architecture/foundations/;frontend/src/lib/moduleCatalog.js,0,Only existing repository paths are listed; prose compounds and wildcard examples are excluded from missing-path claims.
architecture,Task Automation And Dependency Orchestration Foundation,docs/architecture/task-automation-dependency-orchestration-foundation.md,44,,4,,0,Only existing repository paths are listed; prose compounds and wildcard examples are excluded from missing-path claims.
architecture,Ticket and EMD Foundation,docs/architecture/ticket-emd-foundation.md,57,,10,,0,Only existing repository paths are listed; prose compounds and wildcard examples are excluded from missing-path claims.
architecture,Ticket Workspace Foundation,docs/architecture/ticket-workspace-foundation.md,105,phase_41_7_ticket_workspace_foundation,5,,0,Only existing repository paths are listed; prose compounds and wildcard examples are excluded from missing-path claims.
architecture,Travel Request Workspace Foundation,docs/architecture/travel-request-workspace-foundation.md,107,phase_41_1_travel_request_workspace_foundation,8,,0,Only existing repository paths are listed; prose compounds and wildcard examples are excluded from missing-path claims.
architecture,"Trip Change, Ticket Exchange, And EMD Exchange Workflows",docs/architecture/trip-change-ticket-emd-exchange-workflows.md,47,,6,,0,Only existing repository paths are listed; prose compounds and wildcard examples are excluded from missing-path claims.
architecture,Trip Workspace Foundation,docs/architecture/trip-workspace-foundation.md,113,phase_41_4_trip_workspace_foundation,8,,0,Only existing repository paths are listed; prose compounds and wildcard examples are excluded from missing-path claims.
architecture,Visual Policy Editor Foundation,docs/architecture/visual-policy-editor-foundation.md,46,,4,,0,Only existing repository paths are listed; prose compounds and wildcard examples are excluded from missing-path claims.
